<?xml version="1.0" encoding="UTF-8"?>
<con:soapui-project id="19ee61f9-2189-4e13-869c-3e8f6fe40424" activeEnvironment="Default" name="SoapUIProject" resourceRoot="${projectDir}" soapui-version="5.6.0" abortOnError="false" runType="SEQUENTIAL" xmlns:con="http://eviware.com/soapui/config"><con:settings/><con:interface xsi:type="con:WsdlInterface" id="e9a21feb-6119-44ac-8228-ba6e6a2d25fb" wsaVersion="NONE" name="PagamentiTelematiciGPAppSOAP" type="wsdl" bindingName="{http://www.govpay.it/servizi/}PagamentiTelematiciGPAppSOAP" soapVersion="1_1" anonymous="optional" definition="https://sns.pp.pagoatenei.cineca.it/portalepagamenti.server.gateway/api/private/soap/GPAppPort?wsdl" xmlns:xsi="http://www.w3.org/2001/XMLSchema-instance"><con:settings/><con:definitionCache type="TEXT" rootPart="https://sns.pp.pagoatenei.cineca.it/portalepagamenti.server.gateway/api/private/soap/GPAppPort?wsdl"><con:part><con:url>https://sns.pp.pagoatenei.cineca.it/portalepagamenti.server.gateway/api/private/soap/GPAppPort?wsdl</con:url><con:content><![CDATA[<wsdl:definitions jaxb:version="2.0" name="GP" targetNamespace="http://www.govpay.it/servizi/" xmlns:xsd="http://www.w3.org/2001/XMLSchema" xmlns:wsdl="http://schemas.xmlsoap.org/wsdl/" xmlns:tns="http://www.govpay.it/servizi/" xmlns:soap="http://schemas.xmlsoap.org/wsdl/soap/" xmlns:jaxws="http://java.sun.com/xml/ns/jaxws" xmlns:jaxb="http://java.sun.com/xml/ns/jaxb" xmlns:com="http://www.govpay.it/servizi/commons/" xmlns:app="http://www.govpay.it/servizi/gpApp/">
  <wsdl:types>
    <xsd:schema targetNamespace="http://www.govpay.it/servizi/commons/">
      <xsd:complexType name="gpResponse">
        <xsd:sequence>
          <xsd:element name="codOperazione" type="com:uuid"/>
          <xsd:element name="codEsitoOperazione" type="com:esitoOperazione"/>
          <xsd:element minOccurs="0" name="descrizioneEsitoOperazione" type="xsd:string"/>
        </xsd:sequence>
      </xsd:complexType>
      <xsd:complexType name="canale">
        <xsd:sequence>
          <xsd:element minOccurs="0" name="codIntermediarioPsp" type="com:cod35"/>
          <xsd:element name="codPsp" type="com:cod35"/>
          <xsd:element name="codCanale" type="com:cod35"/>
          <xsd:element name="tipoVersamento" type="com:tipoVersamento"/>
        </xsd:sequence>
      </xsd:complexType>
      <xsd:complexType name="estremiFlussoRendicontazione">
        <xsd:sequence>
          <xsd:element name="codFlusso" type="com:cod35"/>
          <xsd:element minOccurs="0" name="codBicRiversamento" type="xsd:string"/>
          <xsd:element name="annoRiferimento" type="xsd:gYear"/>
          <xsd:element name="codPsp" type="com:cod35"/>
          <xsd:element name="dataFlusso" type="xsd:dateTime"/>
          <xsd:element name="dataRegolamento" type="xsd:date"/>
          <xsd:element name="iur" type="com:string35"/>
          <xsd:element minOccurs="0" name="numeroPagamenti" type="xsd:long">
            <xsd:annotation>
              <xsd:documentation>Opzionale in Rnd</xsd:documentation>
            </xsd:annotation>
          </xsd:element>
          <xsd:element minOccurs="0" name="importoTotale" type="com:importo18">
            <xsd:annotation>
              <xsd:documentation>Opzionale in Rnd</xsd:documentation>
            </xsd:annotation>
          </xsd:element>
        </xsd:sequence>
      </xsd:complexType>
      <xsd:complexType name="flussoRendicontazione">
        <xsd:complexContent>
          <xsd:extension base="com:estremiFlussoRendicontazione">
            <xsd:sequence>
              <xsd:element maxOccurs="unbounded" minOccurs="0" name="pagamento">
                <xsd:complexType>
                  <xsd:sequence>
                    <xsd:element minOccurs="0" name="codApplicazione" type="com:cod35">
                      <xsd:annotation>
                        <xsd:documentation>Presente dalla versione 2.2</xsd:documentation>
                      </xsd:annotation>
                    </xsd:element>
                    <xsd:element name="codSingoloVersamentoEnte" type="com:cod35"/>
                    <xsd:element minOccurs="0" name="codDominio" type="com:cod35">
                      <xsd:annotation>
                        <xsd:documentation>Presente dalla versione 2.2</xsd:documentation>
                      </xsd:annotation>
                    </xsd:element>
                    <xsd:element minOccurs="0" name="iuv" type="com:cod35">
                      <xsd:annotation>
                        <xsd:documentation>Presente dalla versione 2.2</xsd:documentation>
                      </xsd:annotation>
                    </xsd:element>
                    <xsd:element name="importoRendicontato" type="com:importo"/>
                    <xsd:element name="iur" type="com:cod35"/>
                    <xsd:element name="dataRendicontazione" type="xsd:dateTime"/>
                    <xsd:element name="esitoRendicontazione" type="com:tipoRendicontazione"/>
                  </xsd:sequence>
                </xsd:complexType>
              </xsd:element>
            </xsd:sequence>
          </xsd:extension>
        </xsd:complexContent>
      </xsd:complexType>
      <xsd:complexType name="iuvGenerato">
        <xsd:sequence>
          <xsd:element name="codApplicazione" type="com:cod35"/>
          <xsd:element name="codVersamentoEnte" type="com:cod35"/>
          <xsd:element name="codDominio" type="com:cod35"/>
          <xsd:element name="iuv" type="com:cod35"/>
          <xsd:element minOccurs="0" name="numeroAvviso" type="com:cod35">
            <xsd:annotation>
              <xsd:documentation>Presente dalla versione 2.2.2</xsd:documentation>
            </xsd:annotation>
          </xsd:element>
          <xsd:element name="qrCode" type="xsd:base64Binary"/>
          <xsd:element name="barCode" type="xsd:base64Binary"/>
        </xsd:sequence>
      </xsd:complexType>
      <xsd:complexType name="pagamento">
        <xsd:sequence>
          <xsd:element name="codSingoloVersamentoEnte" type="com:cod35"/>
          <xsd:element name="importoPagato" type="com:importo"/>
          <xsd:element minOccurs="0" name="ibanAccredito" type="com:cod35">
            <xsd:annotation>
              <xsd:documentation>Presente dalla versione 2.5</xsd:documentation>
            </xsd:annotation>
          </xsd:element>
          <xsd:element minOccurs="0" name="ibanAppoggio" type="com:cod35">
            <xsd:annotation>
              <xsd:documentation>Presente dalla versione 2.6</xsd:documentation>
            </xsd:annotation>
          </xsd:element>
          <xsd:element name="iur" type="com:cod35"/>
          <xsd:element name="dataPagamento" type="xsd:date"/>
          <xsd:element minOccurs="0" name="dataAcquisizione" type="xsd:date"/>
          <xsd:element minOccurs="0" name="commissioniPsp" type="com:importo"/>
          <xsd:element minOccurs="0" name="allegato">
            <xsd:complexType>
              <xsd:sequence>
                <xsd:element name="tipo" type="com:tipoAllegato"/>
                <xsd:element name="testo" type="xsd:base64Binary"/>
              </xsd:sequence>
            </xsd:complexType>
          </xsd:element>
          <xsd:element minOccurs="0" name="dataAcquisizioneRevoca" type="xsd:date"/>
          <xsd:element minOccurs="0" name="causaleRevoca" type="xsd:string"/>
          <xsd:element minOccurs="0" name="datiRevoca" type="xsd:string"/>
          <xsd:element minOccurs="0" name="importoRevocato" type="com:importo"/>
          <xsd:element minOccurs="0" name="esitoRevoca" type="xsd:string"/>
          <xsd:element minOccurs="0" name="datiEsitoRevoca" type="xsd:string"/>
        </xsd:sequence>
      </xsd:complexType>
      <xsd:complexType name="transazione">
        <xsd:sequence>
          <xsd:element minOccurs="0" name="data" type="xsd:date">
            <xsd:annotation>
              <xsd:documentation>Presente dalla versione 2.2</xsd:documentation>
            </xsd:annotation>
          </xsd:element>
          <xsd:element name="modello" type="com:modelloPagamento"/>
          <xsd:element name="codDominio" type="com:cod35"/>
          <xsd:element name="iuv" type="com:cod35"/>
          <xsd:element name="ccp" type="com:cod35"/>
          <xsd:element name="canale" type="com:canale"/>
          <xsd:element name="stato" type="com:statoTransazione"/>
          <xsd:element minOccurs="0" name="descrizioneStato" type="xsd:string"/>
          <xsd:element minOccurs="0" name="esito" type="com:esitoTransazione"/>
          <xsd:element name="rpt" type="xsd:base64Binary"/>
          <xsd:element minOccurs="0" name="rt" type="xsd:base64Binary"/>
          <xsd:element maxOccurs="unbounded" minOccurs="0" name="richiestaStorno" type="com:richiestaStorno"/>
          <xsd:element maxOccurs="5" minOccurs="0" name="pagamento" type="com:pagamento"/>
        </xsd:sequence>
      </xsd:complexType>
      <xsd:complexType name="richiestaStorno">
        <xsd:sequence>
          <xsd:element name="codRichiesta" type="com:cod35"/>
          <xsd:element name="dataRichiesta" type="xsd:dateTime"/>
          <xsd:element name="stato" type="com:statoRevoca"/>
          <xsd:element minOccurs="0" name="descrizioneStato" type="xsd:string"/>
          <xsd:element name="rr" type="xsd:base64Binary"/>
          <xsd:element minOccurs="0" name="er" type="xsd:base64Binary"/>
          <xsd:element minOccurs="0" name="importoStornato" type="com:importo"/>
        </xsd:sequence>
      </xsd:complexType>
      <xsd:complexType name="versamentoKey">
        <xsd:choice>
          <xsd:sequence>
            <xsd:element name="codApplicazione" type="com:cod35"/>
            <xsd:choice>
              <xsd:element name="codVersamentoEnte" type="com:cod35"/>
              <xsd:sequence>
                <xsd:element minOccurs="0" name="codDominio" type="com:cod35"/>
                <xsd:element minOccurs="0" name="codUnivocoDebitore" type="com:string35"/>
                <xsd:element name="bundlekey" type="com:string256"/>
              </xsd:sequence>
            </xsd:choice>
            <xsd:element minOccurs="0" name="iuv" type="com:cod35"/>
          </xsd:sequence>
          <xsd:sequence>
            <xsd:element name="codDominio" type="com:cod35"/>
            <xsd:element name="iuv" type="com:cod35"/>
          </xsd:sequence>
        </xsd:choice>
      </xsd:complexType>
      <xsd:complexType name="versamento">
        <xsd:sequence>
          <xsd:element name="codApplicazione" type="com:cod35"/>
          <xsd:element name="codVersamentoEnte" type="com:cod35"/>
          <xsd:element minOccurs="0" name="iuv" type="com:cod35"/>
          <xsd:element name="codDominio" type="com:cod35"/>
          <xsd:element minOccurs="0" name="codUnitaOperativa" type="com:cod35"/>
          <xsd:element name="debitore" type="com:anagrafica"/>
          <xsd:element name="importoTotale" type="com:importo"/>
          <xsd:element minOccurs="0" name="dataScadenza" type="xsd:dateTime"/>
          <xsd:element minOccurs="0" name="aggiornabile" type="xsd:boolean"/>
          <xsd:element minOccurs="0" name="codDebito" type="com:cod35"/>
          <xsd:element minOccurs="0" name="annoTributario" type="xsd:int"/>
          <xsd:element minOccurs="0" name="bundlekey" type="com:string256"/>
          <xsd:choice>
            <xsd:element name="causale" type="com:string140"/>
            <xsd:element maxOccurs="6" name="spezzoneCausale" type="com:string35"/>
            <xsd:element maxOccurs="6" name="spezzoneCausaleStrutturata">
              <xsd:complexType>
                <xsd:sequence>
                  <xsd:element name="causale" type="com:string20"/>
                  <xsd:element name="importo" type="com:importo10"/>
                </xsd:sequence>
              </xsd:complexType>
            </xsd:element>
          </xsd:choice>
          <xsd:element minOccurs="0" name="stato" type="com:statoVersamento"/>
          <xsd:element maxOccurs="5" name="singoloVersamento">
            <xsd:complexType>
              <xsd:sequence>
                <xsd:element name="codSingoloVersamentoEnte" type="com:cod35"/>
                <xsd:element name="importo" type="com:importo"/>
                <xsd:element minOccurs="0" name="note" type="com:string512"/>
                <xsd:choice>
                  <xsd:element name="codTributo" type="com:cod35"/>
                  <xsd:element name="bolloTelematico">
                    <xsd:complexType>
                      <xsd:sequence>
                        <xsd:element name="tipo" type="com:tipoBollo"/>
                        <xsd:element name="hash" type="com:string70"/>
                        <xsd:element name="provincia" type="com:string2"/>
                      </xsd:sequence>
                    </xsd:complexType>
                  </xsd:element>
                  <xsd:element name="tributo">
                    <xsd:complexType>
                      <xsd:sequence>
                        <xsd:element name="ibanAccredito" type="com:cod35"/>
                        <xsd:element minOccurs="0" name="ibanAppoggio" type="com:cod35"/>
                        <xsd:element name="tipoContabilita" type="com:tipoContabilita"/>
                        <xsd:element name="codContabilita">
                          <xsd:simpleType>
                            <xsd:restriction base="xsd:string">
                              <xsd:pattern value="\S{3,138}"/>
                            </xsd:restriction>
                          </xsd:simpleType>
                        </xsd:element>
                      </xsd:sequence>
                    </xsd:complexType>
                  </xsd:element>
                </xsd:choice>
              </xsd:sequence>
            </xsd:complexType>
          </xsd:element>
          <xsd:element minOccurs="0" name="extVersamento" type="com:extVersamento"/>
          <xsd:element maxOccurs="5" minOccurs="0" name="extVersamentoDett" type="com:extVersamentoDett"/>
          <xsd:element maxOccurs="5" minOccurs="0" name="extCoge" type="com:extCoge"/>
          <xsd:element maxOccurs="5" minOccurs="0" name="extCoan" type="com:extCoan"/>
          <xsd:element minOccurs="0" name="idModelloPagamento" type="xsd:long"/>
          <xsd:element minOccurs="0" name="idCausale" type="xsd:long"/>
        </xsd:sequence>
      </xsd:complexType>
      <!--External data - START-->
      <!--FIXME : da rivedere le lunghezze dei campi stringa-->
      <xsd:complexType name="extVersamento">
        <xsd:sequence>
          <xsd:element minOccurs="0" name="cdTipoDg" type="com:cdTipoDg"/>
          <xsd:element minOccurs="0" name="cdUO" type="com:cod35"/>
          <xsd:element minOccurs="0" name="dsDocExt" type="com:string512"/>
          <xsd:element minOccurs="0" name="idDocExt" type="com:string35"/>
          <xsd:element minOccurs="0" name="dtDocExt" type="xsd:dateTime"/>
          <xsd:element minOccurs="0" name="idDg" type="xsd:long"/>
          <xsd:element minOccurs="0" name="cdTiOperazIva" type="com:string20"/>
          <xsd:element minOccurs="0" name="flAggregabile" type="xsd:boolean"/>
        </xsd:sequence>
      </xsd:complexType>
      <xsd:simpleType name="cdTipoDg">
        <xsd:restriction base="xsd:string">
          <xsd:enumeration value="GENERICO"/>
          <xsd:enumeration value="FATTURA"/>
        </xsd:restriction>
      </xsd:simpleType>
      <xsd:complexType name="extVersamentoDett">
        <xsd:sequence>
          <xsd:element minOccurs="0" name="idDgDett" type="xsd:long"/>
          <xsd:element minOccurs="0" name="cdBeneServizio" type="xsd:string"/>
          <xsd:element minOccurs="0" name="cdIVA" type="xsd:string"/>
          <xsd:element minOccurs="0" name="aliquotaIVA" type="xsd:decimal"/>
          <xsd:element minOccurs="0" name="prezzoUnitario" type="xsd:decimal"/>
          <xsd:element minOccurs="0" name="quantita" type="xsd:decimal"/>
          <xsd:element minOccurs="0" name="tiCampoAttivita" type="com:tiCampoAttivita"/>
          <xsd:element maxOccurs="5" minOccurs="0" name="extImportiAggiuntivi" type="com:extImportiAggiuntivi"/>
        </xsd:sequence>
      </xsd:complexType>
      <xsd:simpleType name="tiCampoAttivita">
        <xsd:restriction base="xsd:string">
          <xsd:enumeration value="ISTITUZIONALE"/>
          <xsd:enumeration value="COMMERCIALE"/>
        </xsd:restriction>
      </xsd:simpleType>
      <xsd:complexType name="extImportiAggiuntivi">
        <xsd:sequence>
          <xsd:element minOccurs="0" name="cdImporto" type="xsd:string"/>
          <xsd:element minOccurs="0" name="importo" type="com:importo"/>
        </xsd:sequence>
      </xsd:complexType>
      <xsd:complexType name="extCoge">
        <xsd:sequence>
          <xsd:element minOccurs="0" name="cdVoceCoge" type="xsd:string"/>
          <xsd:element minOccurs="0" name="cdVoceCogeControp" type="xsd:string"/>
          <xsd:element minOccurs="0" name="cdVoceRiclCogeSiope" type="xsd:string"/>
          <xsd:element minOccurs="0" name="cdUe" type="xsd:string"/>
          <xsd:element minOccurs="0" name="idAttivitaGestionale" type="xsd:long"/>
          <xsd:element minOccurs="0" name="importo" type="com:importo"/>
        </xsd:sequence>
      </xsd:complexType>
      <xsd:complexType name="extCoan">
        <xsd:sequence>
          <xsd:element minOccurs="0" name="cdDimAna" type="xsd:string"/>
          <xsd:element minOccurs="0" name="cdProgetto" type="xsd:string"/>
          <xsd:element minOccurs="0" name="cdUa" type="xsd:string"/>
          <xsd:element minOccurs="0" name="cdUnitaLavoro" type="xsd:string"/>
          <xsd:element minOccurs="0" name="cdVoceCoan" type="xsd:string"/>
          <xsd:element minOccurs="0" name="idCofogCoan" type="xsd:long"/>
          <xsd:element minOccurs="0" name="importo" type="com:importo"/>
        </xsd:sequence>
      </xsd:complexType>
      <!--External data - FINISH-->
      <xsd:complexType name="anomalia">
        <xsd:simpleContent>
          <xsd:extension base="xsd:string">
            <xsd:attribute name="codice" type="xsd:string"/>
          </xsd:extension>
        </xsd:simpleContent>
      </xsd:complexType>
      <xsd:simpleType name="uuid">
        <xsd:restriction base="xsd:string">
          <xsd:minLength value="1"/>
          <xsd:maxLength value="36"/>
        </xsd:restriction>
      </xsd:simpleType>
      <xsd:simpleType name="cod35">
        <xsd:restriction base="xsd:string">
          <xsd:pattern value="[^ ]*"/>
          <xsd:minLength value="1"/>
          <xsd:maxLength value="35"/>
        </xsd:restriction>
      </xsd:simpleType>
      <xsd:simpleType name="string2">
        <xsd:restriction base="xsd:string">
          <xsd:pattern value="[A-Z]{2,2}"/>
        </xsd:restriction>
      </xsd:simpleType>
      <xsd:simpleType name="string16">
        <xsd:restriction base="xsd:string">
          <xsd:minLength value="1"/>
          <xsd:maxLength value="16"/>
        </xsd:restriction>
      </xsd:simpleType>
      <xsd:simpleType name="string20">
        <xsd:restriction base="xsd:string">
          <xsd:minLength value="1"/>
          <xsd:maxLength value="20"/>
        </xsd:restriction>
      </xsd:simpleType>
      <xsd:simpleType name="string35">
        <xsd:restriction base="xsd:string">
          <xsd:minLength value="1"/>
          <xsd:maxLength value="35"/>
        </xsd:restriction>
      </xsd:simpleType>
      <xsd:simpleType name="string40">
        <xsd:restriction base="xsd:string">
          <xsd:minLength value="1"/>
          <xsd:maxLength value="40"/>
        </xsd:restriction>
      </xsd:simpleType>
      <xsd:simpleType name="string70">
        <xsd:restriction base="xsd:string">
          <xsd:minLength value="1"/>
          <xsd:maxLength value="70"/>
        </xsd:restriction>
      </xsd:simpleType>
      <xsd:simpleType name="string120">
        <xsd:restriction base="xsd:string">
          <xsd:minLength value="1"/>
          <xsd:maxLength value="120"/>
        </xsd:restriction>
      </xsd:simpleType>
      <xsd:simpleType name="string140">
        <xsd:restriction base="xsd:string">
          <xsd:minLength value="1"/>
          <xsd:maxLength value="140"/>
        </xsd:restriction>
      </xsd:simpleType>
      <xsd:simpleType name="string256">
        <xsd:restriction base="xsd:string">
          <xsd:minLength value="1"/>
          <xsd:maxLength value="256"/>
        </xsd:restriction>
      </xsd:simpleType>
      <xsd:simpleType name="email256">
        <xsd:restriction base="xsd:string">
          <xsd:pattern value="[A-Za-z0-9_]+([\-\+\.'][A-Za-z0-9_]+)*@[A-Za-z0-9_]+([\-\.][A-Za-z0-9_]+)*\.[A-Za-z0-9_]+([\-\.][A-Za-z0-9_]+)*"/>
          <xsd:maxLength value="256"/>
        </xsd:restriction>
      </xsd:simpleType>
      <xsd:simpleType name="string512">
        <xsd:restriction base="xsd:string">
          <xsd:minLength value="1"/>
          <xsd:maxLength value="512"/>
        </xsd:restriction>
      </xsd:simpleType>
      <xsd:simpleType name="importo10">
        <xsd:restriction base="xsd:decimal">
          <xsd:minInclusive value="0.00"/>
          <xsd:maxInclusive value="9999999.99"/>
          <xsd:fractionDigits value="2"/>
          <xsd:totalDigits value="10"/>
        </xsd:restriction>
      </xsd:simpleType>
      <xsd:simpleType name="importo">
        <xsd:restriction base="xsd:decimal">
          <xsd:minInclusive value="0.00"/>
          <xsd:maxInclusive value="99999999.99"/>
          <xsd:fractionDigits value="2"/>
          <xsd:totalDigits value="12"/>
        </xsd:restriction>
      </xsd:simpleType>
      <xsd:simpleType name="importo18">
        <xsd:restriction base="xsd:decimal">
          <xsd:minInclusive value="0.00"/>
          <xsd:maxInclusive value="999999999999999.99"/>
          <xsd:fractionDigits value="2"/>
          <xsd:totalDigits value="18"/>
        </xsd:restriction>
      </xsd:simpleType>
      <xsd:simpleType name="esitoVerificaVersamento">
        <xsd:restriction base="xsd:string">
          <xsd:enumeration value="OK"/>
          <xsd:enumeration value="PAGAMENTO_SCONOSCIUTO"/>
          <xsd:enumeration value="PAGAMENTO_DUPLICATO"/>
          <xsd:enumeration value="PAGAMENTO_SCADUTO"/>
          <xsd:enumeration value="PAGAMENTO_ANNULLATO"/>
        </xsd:restriction>
      </xsd:simpleType>
      <xsd:simpleType name="tipoAutenticazione">
        <xsd:restriction base="xsd:string">
          <xsd:enumeration value="CNS"/>
          <xsd:enumeration value="USR"/>
          <xsd:enumeration value="OTH"/>
          <xsd:enumeration value="N/A"/>
        </xsd:restriction>
      </xsd:simpleType>
      <xsd:simpleType name="tipoContabilita">
        <xsd:restriction base="xsd:string">
          <xsd:enumeration value="CAPITOLO"/>
          <xsd:enumeration value="SPECIALE"/>
          <xsd:enumeration value="SIOPE"/>
          <xsd:enumeration value="ALTRO"/>
        </xsd:restriction>
      </xsd:simpleType>
      <xsd:simpleType name="tipoBollo">
        <xsd:restriction base="xsd:string">
          <xsd:enumeration value="01">
            <xsd:annotation>
              <xsd:documentation>Imposta di Bollo</xsd:documentation>
            </xsd:annotation>
          </xsd:enumeration>
        </xsd:restriction>
      </xsd:simpleType>
      <xsd:simpleType name="tipoSceltaWisp">
        <xsd:restriction base="xsd:string">
          <xsd:enumeration value="SI"/>
          <xsd:enumeration value="NO"/>
          <xsd:enumeration value="PAGA_DOPO"/>
        </xsd:restriction>
      </xsd:simpleType>
      <xsd:simpleType name="modelloPagamento">
        <xsd:restriction base="xsd:string">
          <xsd:enumeration value="IMMEDIATO"/>
          <xsd:enumeration value="IMMEDIATO_MULTIBENEFICIARIO"/>
          <xsd:enumeration value="DIFFERITO"/>
          <xsd:enumeration value="ATTIVATO_PRESSO_PSP"/>
        </xsd:restriction>
      </xsd:simpleType>
      <xsd:simpleType name="statoVersamento">
        <xsd:restriction base="xsd:string">
          <xsd:enumeration value="NON_ESEGUITO"/>
          <xsd:enumeration value="ESEGUITO"/>
          <xsd:enumeration value="PARZIALMENTE_ESEGUITO"/>
          <xsd:enumeration value="ANNULLATO"/>
          <xsd:enumeration value="ANOMALO"/>
          <xsd:enumeration value="ESEGUITO_SENZA_RPT"/>
        </xsd:restriction>
      </xsd:simpleType>
      <xsd:simpleType name="tipoVersamento">
        <xsd:restriction base="xsd:string">
          <xsd:enumeration value="BBT">
            <xsd:annotation>
              <xsd:documentation>Bonifico Bancario di Tesoreria</xsd:documentation>
            </xsd:annotation>
          </xsd:enumeration>
          <xsd:enumeration value="BP">
            <xsd:annotation>
              <xsd:documentation>Bollettino Postale</xsd:documentation>
            </xsd:annotation>
          </xsd:enumeration>
          <xsd:enumeration value="AD">
            <xsd:annotation>
              <xsd:documentation>Addebito diretto</xsd:documentation>
            </xsd:annotation>
          </xsd:enumeration>
          <xsd:enumeration value="CP">
            <xsd:annotation>
              <xsd:documentation>Carta di Pagamento</xsd:documentation>
            </xsd:annotation>
          </xsd:enumeration>
          <xsd:enumeration value="OBEP">
            <xsd:annotation>
              <xsd:documentation>On-line Banking e-payment</xsd:documentation>
            </xsd:annotation>
          </xsd:enumeration>
          <xsd:enumeration value="PO">
            <xsd:annotation>
              <xsd:documentation>Pagamento attivato presso PSP</xsd:documentation>
            </xsd:annotation>
          </xsd:enumeration>
        </xsd:restriction>
      </xsd:simpleType>
      <xsd:simpleType name="tipoRendicontazione">
        <xsd:restriction base="xsd:string">
          <xsd:enumeration value="ESEGUITO"/>
          <xsd:enumeration value="REVOCATO"/>
          <xsd:enumeration value="ESEGUITO_SENZA_RPT"/>
        </xsd:restriction>
      </xsd:simpleType>
      <xsd:simpleType name="tipoAllegato">
        <xsd:restriction base="xsd:string">
          <xsd:enumeration value="ES">
            <xsd:annotation>
              <xsd:documentation>Esito del pagamento prodotto dal PSP</xsd:documentation>
            </xsd:annotation>
          </xsd:enumeration>
          <xsd:enumeration value="BD">
            <xsd:annotation>
              <xsd:documentation>Marca da Bollo Digitale</xsd:documentation>
            </xsd:annotation>
          </xsd:enumeration>
        </xsd:restriction>
      </xsd:simpleType>
      <xsd:simpleType name="statoTransazione">
        <xsd:restriction base="xsd:string">
          <xsd:enumeration value="RPT_ATTIVATA"/>
          <xsd:enumeration value="RPT_ERRORE_INVIO_A_NODO"/>
          <xsd:enumeration value="RPT_RICEVUTA_NODO"/>
          <xsd:enumeration value="RPT_RIFIUTATA_NODO"/>
          <xsd:enumeration value="RPT_ACCETTATA_NODO"/>
          <xsd:enumeration value="RPT_RIFIUTATA_PSP"/>
          <xsd:enumeration value="RPT_ACCETTATA_PSP"/>
          <xsd:enumeration value="RPT_ERRORE_INVIO_A_PSP"/>
          <xsd:enumeration value="RPT_INVIATA_A_PSP"/>
          <xsd:enumeration value="RPT_DECORSI_TERMINI"/>
          <xsd:enumeration value="RPT_PARCHEGGIATA_NODO"/>
          <xsd:enumeration value="RT_RICEVUTA_NODO"/>
          <xsd:enumeration value="RT_RIFIUTATA_NODO"/>
          <xsd:enumeration value="RT_ACCETTATA_NODO"/>
          <xsd:enumeration value="RT_ACCETTATA_PA"/>
          <xsd:enumeration value="RT_RIFIUTATA_PA"/>
          <xsd:enumeration value="RT_ESITO_SCONOSCIUTO_PA"/>
        </xsd:restriction>
      </xsd:simpleType>
      <xsd:simpleType name="statoRevoca">
        <xsd:restriction base="xsd:string">
          <xsd:enumeration value="RR_ATTIVATA"/>
          <xsd:enumeration value="RR_ERRORE_INVIO_A_NODO"/>
          <xsd:enumeration value="RR_ACCETTATA_NODO"/>
          <xsd:enumeration value="RR_RIFIUTATA_NODO"/>
          <xsd:enumeration value="ER_ACCETTATA_PA"/>
          <xsd:enumeration value="ER_RIFIUTATA_PA"/>
        </xsd:restriction>
      </xsd:simpleType>
      <xsd:simpleType name="esitoTransazione">
        <xsd:restriction base="xsd:string">
          <xsd:enumeration value="PAGAMENTO_ESEGUITO"/>
          <xsd:enumeration value="PAGAMENTO_NON_ESEGUITO"/>
          <xsd:enumeration value="PAGAMENTO_PARZIALMENTE_ESEGUITO"/>
          <xsd:enumeration value="DECORRENZA_TERMINI"/>
          <xsd:enumeration value="DECORRENZA_TERMINI_PARZIALE"/>
        </xsd:restriction>
      </xsd:simpleType>
      <xsd:complexType name="anagrafica">
        <xsd:sequence>
          <xsd:element name="codUnivoco" type="com:string35"/>
          <xsd:element name="ragioneSociale" type="com:string70"/>
          <xsd:element minOccurs="0" name="indirizzo" type="com:string70"/>
          <xsd:element minOccurs="0" name="civico" type="com:string16"/>
          <xsd:element minOccurs="0" name="cap" type="com:string16"/>
          <xsd:element minOccurs="0" name="localita" type="com:string35"/>
          <xsd:element minOccurs="0" name="provincia" type="com:string35"/>
          <xsd:element minOccurs="0" name="nazione" type="com:string2"/>
          <xsd:element minOccurs="0" name="email" type="com:email256"/>
          <xsd:element minOccurs="0" name="telefono" type="xsd:string"/>
          <xsd:element minOccurs="0" name="cellulare" type="xsd:string"/>
          <xsd:element minOccurs="0" name="fax" type="xsd:string"/>
        </xsd:sequence>
      </xsd:complexType>
      <xsd:simpleType name="statoFr">
        <xsd:restriction base="xsd:string">
          <xsd:enumeration value="ACCETTATA"/>
          <xsd:enumeration value="ANOMALA"/>
          <xsd:enumeration value="RIFIUTATA">
            <xsd:annotation>
              <xsd:documentation>Presente per retrocompatibilita v2.x</xsd:documentation>
            </xsd:annotation>
          </xsd:enumeration>
        </xsd:restriction>
      </xsd:simpleType>
      <xsd:simpleType name="statoRendicontazione">
        <xsd:restriction base="xsd:string">
          <xsd:enumeration value="OK"/>
          <xsd:enumeration value="ANOMALA"/>
          <xsd:enumeration value="ALTRO_INTERMEDIARIO"/>
        </xsd:restriction>
      </xsd:simpleType>
      <xsd:simpleType name="esitoRendicontazione">
        <xsd:restriction base="xsd:string">
          <xsd:enumeration value="ESEGUITO"/>
          <xsd:enumeration value="REVOCATO"/>
          <xsd:enumeration value="ESEGUITO_SENZA_RPT"/>
        </xsd:restriction>
      </xsd:simpleType>
      <xsd:simpleType name="esitoOperazione">
        <xsd:restriction base="xsd:string">
          <xsd:enumeration value="OK"/>
          <xsd:enumeration value="INTERNAL">
            <xsd:annotation>
              <xsd:documentation>Errore non atteso</xsd:documentation>
            </xsd:annotation>
          </xsd:enumeration>
          <xsd:enumeration value="AUT_000">
            <xsd:annotation>
              <xsd:documentation>Principal non fornito</xsd:documentation>
            </xsd:annotation>
          </xsd:enumeration>
          <xsd:enumeration value="AUT_001">
            <xsd:annotation>
              <xsd:documentation>Principal non associato ad alcuna Applicazione</xsd:documentation>
            </xsd:annotation>
          </xsd:enumeration>
          <xsd:enumeration value="AUT_002">
            <xsd:annotation>
              <xsd:documentation>Principal non associato ad alcun Portale</xsd:documentation>
            </xsd:annotation>
          </xsd:enumeration>
          <xsd:enumeration value="APP_000">
            <xsd:annotation>
              <xsd:documentation>Applicazione inesistente</xsd:documentation>
            </xsd:annotation>
          </xsd:enumeration>
          <xsd:enumeration value="APP_001">
            <xsd:annotation>
              <xsd:documentation>Applicazione disabilitata</xsd:documentation>
            </xsd:annotation>
          </xsd:enumeration>
          <xsd:enumeration value="APP_002">
            <xsd:annotation>
              <xsd:documentation>Applicazione autenticata diversa dalla chiamante</xsd:documentation>
            </xsd:annotation>
          </xsd:enumeration>
          <xsd:enumeration value="APP_003">
            <xsd:annotation>
              <xsd:documentation>Applicazione non autorizzata al caricamento del versamento oggetto della richiesta</xsd:documentation>
            </xsd:annotation>
          </xsd:enumeration>
          <xsd:enumeration value="DOM_000">
            <xsd:annotation>
              <xsd:documentation>Dominio inesistente</xsd:documentation>
            </xsd:annotation>
          </xsd:enumeration>
          <xsd:enumeration value="DOM_001">
            <xsd:annotation>
              <xsd:documentation>Dominio disabilitato</xsd:documentation>
            </xsd:annotation>
          </xsd:enumeration>
          <xsd:enumeration value="DOM_002">
            <xsd:annotation>
              <xsd:documentation>Dominio configurato per la generazione custom degli iuv</xsd:documentation>
            </xsd:annotation>
          </xsd:enumeration>
          <xsd:enumeration value="DOM_003">
            <xsd:annotation>
              <xsd:documentation>Dominio configurato per la generazione centralizzata degli iuv</xsd:documentation>
            </xsd:annotation>
          </xsd:enumeration>
          <xsd:enumeration value="NDP_000">
            <xsd:annotation>
              <xsd:documentation>Errore di comunicazione con il Nodo dei Pagamenti</xsd:documentation>
            </xsd:annotation>
          </xsd:enumeration>
          <xsd:enumeration value="NDP_001">
            <xsd:annotation>
              <xsd:documentation>Ricevuto FAULT dal Nodo dei Pagamenti</xsd:documentation>
            </xsd:annotation>
          </xsd:enumeration>
          <xsd:enumeration value="PAG_000">
            <xsd:annotation>
              <xsd:documentation>I versamenti di una richiesta di pagamento devono afferire alla stessa stazione intermediario</xsd:documentation>
            </xsd:annotation>
          </xsd:enumeration>
          <xsd:enumeration value="PAG_001">
            <xsd:annotation>
              <xsd:documentation>Il canale indicato non supporta il pagamento di piu' versamenti</xsd:documentation>
            </xsd:annotation>
          </xsd:enumeration>
          <xsd:enumeration value="PAG_002">
            <xsd:annotation>
              <xsd:documentation>Il canale indicato non puo' eseguire pagamenti ad iniziativa Ente</xsd:documentation>
            </xsd:annotation>
          </xsd:enumeration>
          <xsd:enumeration value="PAG_003">
            <xsd:annotation>
              <xsd:documentation>Il canale indicato non supporta il pagamento di Marca da Bollo Telematica</xsd:documentation>
            </xsd:annotation>
          </xsd:enumeration>
          <xsd:enumeration value="PAG_004">
            <xsd:annotation>
              <xsd:documentation>Il tipo di pagamento Addebito Diretto richiede di specificare un Iban di Addebito</xsd:documentation>
            </xsd:annotation>
          </xsd:enumeration>
          <xsd:enumeration value="PAG_005">
            <xsd:annotation>
              <xsd:documentation>Il tipo di pagamento On-line Banking e-Payment (OBEP) consente il pagamento di versamenti con al piu' un singolo versamento</xsd:documentation>
            </xsd:annotation>
          </xsd:enumeration>
          <xsd:enumeration value="PAG_006">
            <xsd:annotation>
              <xsd:documentation>Non è possibile pagare un versamento in stato diverso da NON_ESEGUITO</xsd:documentation>
            </xsd:annotation>
          </xsd:enumeration>
          <xsd:enumeration value="PAG_007">
            <xsd:annotation>
              <xsd:documentation>Non è possibile pagare un versamento scaduto</xsd:documentation>
            </xsd:annotation>
          </xsd:enumeration>
          <xsd:enumeration value="PAG_008">
            <xsd:annotation>
              <xsd:documentation>Transazione di pagamento inesistente</xsd:documentation>
            </xsd:annotation>
          </xsd:enumeration>
          <xsd:enumeration value="PAG_009">
            <xsd:annotation>
              <xsd:documentation>Pagamento gia' stornato</xsd:documentation>
            </xsd:annotation>
          </xsd:enumeration>
          <xsd:enumeration value="PAG_010">
            <xsd:annotation>
              <xsd:documentation>Richiesta di storno inesistente</xsd:documentation>
            </xsd:annotation>
          </xsd:enumeration>
          <xsd:enumeration value="PAG_011">
            <xsd:annotation>
              <xsd:documentation>Nessun pagamento da stornare</xsd:documentation>
            </xsd:annotation>
          </xsd:enumeration>
          <xsd:enumeration value="PRT_000">
            <xsd:annotation>
              <xsd:documentation>Portale inesistente</xsd:documentation>
            </xsd:annotation>
          </xsd:enumeration>
          <xsd:enumeration value="PRT_001">
            <xsd:annotation>
              <xsd:documentation>Portale disabilitato</xsd:documentation>
            </xsd:annotation>
          </xsd:enumeration>
          <xsd:enumeration value="PRT_002">
            <xsd:annotation>
              <xsd:documentation>Portale autenticato diverso dal chiamante</xsd:documentation>
            </xsd:annotation>
          </xsd:enumeration>
          <xsd:enumeration value="PRT_003">
            <xsd:annotation>
              <xsd:documentation>Portale non autorizzato a pagare i versamenti dell'applicazione indicata</xsd:documentation>
            </xsd:annotation>
          </xsd:enumeration>
          <xsd:enumeration value="PRT_004">
            <xsd:annotation>
              <xsd:documentation>Portale non autorizzato a visualizzare l'esito della transazione indicata</xsd:documentation>
            </xsd:annotation>
          </xsd:enumeration>
          <xsd:enumeration value="PRT_005">
            <xsd:annotation>
              <xsd:documentation>Portale non autorizzato all'operazione richiesta</xsd:documentation>
            </xsd:annotation>
          </xsd:enumeration>
          <xsd:enumeration value="PSP_000">
            <xsd:annotation>
              <xsd:documentation>Il canale non esiste</xsd:documentation>
            </xsd:annotation>
          </xsd:enumeration>
          <xsd:enumeration value="PSP_001">
            <xsd:annotation>
              <xsd:documentation>Il canale e' disabilitato</xsd:documentation>
            </xsd:annotation>
          </xsd:enumeration>
          <xsd:enumeration value="RND_000">
            <xsd:annotation>
              <xsd:documentation>Il Flusso di Rendicontazione cercato non esiste.</xsd:documentation>
            </xsd:annotation>
          </xsd:enumeration>
          <xsd:enumeration value="RND_001">
            <xsd:annotation>
              <xsd:documentation>Applicazione non abilitata all'acquisizione del flusso indicato.</xsd:documentation>
            </xsd:annotation>
          </xsd:enumeration>
          <xsd:enumeration value="STA_000">
            <xsd:annotation>
              <xsd:documentation>Stazione inesistente</xsd:documentation>
            </xsd:annotation>
          </xsd:enumeration>
          <xsd:enumeration value="STA_001">
            <xsd:annotation>
              <xsd:documentation>Stazione disabilitata</xsd:documentation>
            </xsd:annotation>
          </xsd:enumeration>
          <xsd:enumeration value="TRB_000">
            <xsd:annotation>
              <xsd:documentation>Tributo inesistente</xsd:documentation>
            </xsd:annotation>
          </xsd:enumeration>
          <xsd:enumeration value="UOP_000">
            <xsd:annotation>
              <xsd:documentation>Unita Operativa inesistente</xsd:documentation>
            </xsd:annotation>
          </xsd:enumeration>
          <xsd:enumeration value="UOP_001">
            <xsd:annotation>
              <xsd:documentation>Unita Operativa disabilitata</xsd:documentation>
            </xsd:annotation>
          </xsd:enumeration>
          <xsd:enumeration value="VER_000">
            <xsd:annotation>
              <xsd:documentation>Versamento non pagabile ad iniziativa PSP</xsd:documentation>
            </xsd:annotation>
          </xsd:enumeration>
          <xsd:enumeration value="VER_001">
            <xsd:annotation>
              <xsd:documentation>Il versamento presenta singoli versamenti con codSingoloVersamento non univoci</xsd:documentation>
            </xsd:annotation>
          </xsd:enumeration>
          <xsd:enumeration value="VER_002">
            <xsd:annotation>
              <xsd:documentation>La somma degli importi dei singoli versamenti non corrisponde all'importo totale del versamento</xsd:documentation>
            </xsd:annotation>
          </xsd:enumeration>
          <xsd:enumeration value="VER_003">
            <xsd:annotation>
              <xsd:documentation>Non è possibile aggiornare un versamento in stato diverso da NON_ESEGUITO o ANNULLATO</xsd:documentation>
            </xsd:annotation>
          </xsd:enumeration>
          <xsd:enumeration value="VER_004">
            <xsd:annotation>
              <xsd:documentation>Non è possibile aggiornare un versamento cambiando l'unità operativa beneficiaria</xsd:documentation>
            </xsd:annotation>
          </xsd:enumeration>
          <xsd:enumeration value="VER_005">
            <xsd:annotation>
              <xsd:documentation>Non è possibile aggiornare un versamento cambiando il numero di singoli importi</xsd:documentation>
            </xsd:annotation>
          </xsd:enumeration>
          <xsd:enumeration value="VER_006">
            <xsd:annotation>
              <xsd:documentation>Non è possibile aggiornare un versamento modificando i  codSingoliVersamenti dei singoli versamenti</xsd:documentation>
            </xsd:annotation>
          </xsd:enumeration>
          <xsd:enumeration value="VER_007">
            <xsd:annotation>
              <xsd:documentation>Non è possibile aggiornare un versamento modificando la tipologia di tributo dei singoli versamenti</xsd:documentation>
            </xsd:annotation>
          </xsd:enumeration>
          <xsd:enumeration value="VER_008">
            <xsd:annotation>
              <xsd:documentation>Versamento inesistente</xsd:documentation>
            </xsd:annotation>
          </xsd:enumeration>
          <xsd:enumeration value="VER_009">
            <xsd:annotation>
              <xsd:documentation>Non è possibile annullare un versamento in stato diverso da NON_ESEGUITO</xsd:documentation>
            </xsd:annotation>
          </xsd:enumeration>
          <xsd:enumeration value="VER_010">
            <xsd:annotation>
              <xsd:documentation>L'aggiornamento del versamento dall'applicazione ha dato esito PAA_PAGAMENTO_SCADUTO</xsd:documentation>
            </xsd:annotation>
          </xsd:enumeration>
          <xsd:enumeration value="VER_011">
            <xsd:annotation>
              <xsd:documentation>L'aggiornamento del versamento dall'applicazione ha dato esito PAA_PAGAMENTO_SCONOSCIUTO</xsd:documentation>
            </xsd:annotation>
          </xsd:enumeration>
          <xsd:enumeration value="VER_012">
            <xsd:annotation>
              <xsd:documentation>L'aggiornamento del versamento dall'applicazione ha dato esito PAA_PAGAMENTO_DUPLICATO</xsd:documentation>
            </xsd:annotation>
          </xsd:enumeration>
          <xsd:enumeration value="VER_013">
            <xsd:annotation>
              <xsd:documentation>L'aggiornamento del versamento dall'applicazione ha dato esito PAA_PAGAMENTO_ANNULLATO</xsd:documentation>
            </xsd:annotation>
          </xsd:enumeration>
          <xsd:enumeration value="VER_014">
            <xsd:annotation>
              <xsd:documentation>L'aggiornamento del versamento dall'applicazione e' fallito</xsd:documentation>
            </xsd:annotation>
          </xsd:enumeration>
          <xsd:enumeration value="VER_015">
            <xsd:annotation>
              <xsd:documentation>Aggiornamento non consentito se AggiornaSeEsiste impostato a false</xsd:documentation>
            </xsd:annotation>
          </xsd:enumeration>
          <xsd:enumeration value="VER_016">
            <xsd:annotation>
              <xsd:documentation>Non è possibile notificare un pagamento per un versamento in stato diverso da NON_ESEGUITO o ANNULLATO</xsd:documentation>
            </xsd:annotation>
          </xsd:enumeration>
          <xsd:enumeration value="VER_017">
            <xsd:annotation>
              <xsd:documentation>Iuv da caricare non conforme alle specifiche AgID</xsd:documentation>
            </xsd:annotation>
          </xsd:enumeration>
          <xsd:enumeration value="VER_018">
            <xsd:annotation>
              <xsd:documentation>Iuv da caricare gia' associato ad un diverso Versamento</xsd:documentation>
            </xsd:annotation>
          </xsd:enumeration>
          <xsd:enumeration value="VER_019">
            <xsd:annotation>
              <xsd:documentation>Applicazione non autorizzata all'autodeterminazione dei tributi</xsd:documentation>
            </xsd:annotation>
          </xsd:enumeration>
          <xsd:enumeration value="VER_020">
            <xsd:annotation>
              <xsd:documentation>Iban di accredito non censito</xsd:documentation>
            </xsd:annotation>
          </xsd:enumeration>
          <xsd:enumeration value="VER_021">
            <xsd:annotation>
              <xsd:documentation>Applicazione non autorizzata all'autodeterminazione dei tributi per il dominio indicato</xsd:documentation>
            </xsd:annotation>
          </xsd:enumeration>
          <xsd:enumeration value="VER_022">
            <xsd:annotation>
              <xsd:documentation>Applicazione non autorizzata alla gestione del tributo indicato</xsd:documentation>
            </xsd:annotation>
          </xsd:enumeration>
          <xsd:enumeration value="VER_023">
            <xsd:annotation>
              <xsd:documentation>Non e' possibile aggiornare un versamento modificando l'iban di accredito</xsd:documentation>
            </xsd:annotation>
          </xsd:enumeration>
          <xsd:enumeration value="WISP_000">
            <xsd:annotation>
              <xsd:documentation>Sessione di scelta sconosciuta al WISP</xsd:documentation>
            </xsd:annotation>
          </xsd:enumeration>
          <xsd:enumeration value="WISP_001">
            <xsd:annotation>
              <xsd:documentation>Sessione di scelta scaduta per timeout al WISP</xsd:documentation>
            </xsd:annotation>
          </xsd:enumeration>
          <xsd:enumeration value="WISP_002">
            <xsd:annotation>
              <xsd:documentation>Canale scelto non presente in anagrafica</xsd:documentation>
            </xsd:annotation>
          </xsd:enumeration>
          <xsd:enumeration value="WISP_003">
            <xsd:annotation>
              <xsd:documentation>Il debitore non ha operato alcuna scelta sul WISP</xsd:documentation>
            </xsd:annotation>
          </xsd:enumeration>
          <xsd:enumeration value="WISP_004">
            <xsd:annotation>
              <xsd:documentation>Il debitore ha scelto di pagare dopo tramite avviso di pagamento.</xsd:documentation>
            </xsd:annotation>
          </xsd:enumeration>
        </xsd:restriction>
      </xsd:simpleType>
    </xsd:schema>
    <xsd:schema targetNamespace="http://www.govpay.it/servizi/gpApp/">
      <xsd:import namespace="http://www.govpay.it/servizi/commons/"/>
      <xsd:element name="gpCaricaVersamento">
        <xsd:complexType>
          <xsd:sequence>
            <xsd:element name="generaIuv" type="xsd:boolean"/>
            <xsd:element default="true" minOccurs="0" name="aggiornaSeEsiste" type="xsd:boolean"/>
            <xsd:element name="versamento" type="com:versamento"/>
          </xsd:sequence>
        </xsd:complexType>
      </xsd:element>
      <xsd:element name="gpCaricaVersamentoResponse">
        <xsd:complexType>
          <xsd:complexContent>
            <xsd:extension base="com:gpResponse">
              <xsd:sequence>
                <xsd:element minOccurs="0" name="iuvGenerato" type="com:iuvGenerato"/>
              </xsd:sequence>
            </xsd:extension>
          </xsd:complexContent>
        </xsd:complexType>
      </xsd:element>
      <xsd:element name="gpAnnullaVersamento">
        <xsd:complexType>
          <xsd:sequence>
            <xsd:element name="codApplicazione" type="com:cod35"/>
            <xsd:element name="codVersamentoEnte" type="com:cod35"/>
          </xsd:sequence>
        </xsd:complexType>
      </xsd:element>
      <xsd:element name="gpAnnullaVersamentoResponse" type="com:gpResponse"/>
      <xsd:element name="gpNotificaPagamento">
        <xsd:complexType>
          <xsd:sequence>
            <xsd:element name="codApplicazione" type="com:cod35"/>
            <xsd:element name="codVersamentoEnte" type="com:cod35"/>
          </xsd:sequence>
        </xsd:complexType>
      </xsd:element>
      <xsd:element name="gpNotificaPagamentoResponse" type="com:gpResponse"/>
      <xsd:element name="gpGeneraIuv">
        <xsd:complexType>
          <xsd:sequence>
            <xsd:element name="codApplicazione" type="com:cod35"/>
            <xsd:element name="codDominio" type="com:cod35"/>
            <xsd:element maxOccurs="unbounded" name="iuvRichiesto">
              <xsd:complexType>
                <xsd:sequence>
                  <xsd:element name="codVersamentoEnte" type="com:cod35"/>
                  <xsd:element name="importoTotale" type="com:importo"/>
                </xsd:sequence>
              </xsd:complexType>
            </xsd:element>
          </xsd:sequence>
        </xsd:complexType>
      </xsd:element>
      <xsd:element name="gpGeneraIuvResponse">
        <xsd:complexType>
          <xsd:complexContent>
            <xsd:extension base="com:gpResponse">
              <xsd:sequence>
                <xsd:element maxOccurs="unbounded" minOccurs="0" name="iuvGenerato" type="com:iuvGenerato"/>
              </xsd:sequence>
            </xsd:extension>
          </xsd:complexContent>
        </xsd:complexType>
      </xsd:element>
      <xsd:element name="gpCaricaIuv">
        <xsd:complexType>
          <xsd:sequence>
            <xsd:element name="codApplicazione" type="com:cod35"/>
            <xsd:element name="codDominio" type="com:cod35"/>
            <xsd:element maxOccurs="unbounded" name="iuvGenerato">
              <xsd:complexType>
                <xsd:sequence>
                  <xsd:element name="iuv" type="com:cod35"/>
                  <xsd:element name="codVersamentoEnte" type="com:cod35"/>
                  <xsd:element name="importoTotale" type="com:importo"/>
                </xsd:sequence>
              </xsd:complexType>
            </xsd:element>
          </xsd:sequence>
        </xsd:complexType>
      </xsd:element>
      <xsd:element name="gpCaricaIuvResponse">
        <xsd:complexType>
          <xsd:complexContent>
            <xsd:extension base="com:gpResponse">
              <xsd:sequence>
                <xsd:element maxOccurs="unbounded" minOccurs="0" name="iuvCaricato" type="com:iuvGenerato"/>
              </xsd:sequence>
            </xsd:extension>
          </xsd:complexContent>
        </xsd:complexType>
      </xsd:element>
      <xsd:element name="gpChiediStatoVersamento">
        <xsd:complexType>
          <xsd:sequence>
            <xsd:element name="codApplicazione" type="com:cod35"/>
            <xsd:element name="codVersamentoEnte" type="com:cod35"/>
          </xsd:sequence>
        </xsd:complexType>
      </xsd:element>
      <xsd:element name="gpChiediStatoVersamentoResponse">
        <xsd:complexType>
          <xsd:complexContent>
            <xsd:extension base="com:gpResponse">
              <xsd:sequence minOccurs="0">
                <xsd:element name="codApplicazione" type="com:cod35"/>
                <xsd:element name="codVersamentoEnte" type="com:cod35"/>
                <xsd:element name="stato" type="com:statoVersamento"/>
                <xsd:element maxOccurs="unbounded" minOccurs="0" name="transazione" type="com:transazione"/>
              </xsd:sequence>
            </xsd:extension>
          </xsd:complexContent>
        </xsd:complexType>
      </xsd:element>
      <xsd:element name="gpChiediListaFlussiRendicontazione">
        <xsd:complexType>
          <xsd:sequence>
            <xsd:element name="codApplicazione" type="com:cod35"/>
          </xsd:sequence>
        </xsd:complexType>
      </xsd:element>
      <xsd:element name="gpChiediListaFlussiRendicontazioneResponse">
        <xsd:complexType>
          <xsd:complexContent>
            <xsd:extension base="com:gpResponse">
              <xsd:sequence minOccurs="0">
                <xsd:element name="codApplicazione" type="com:cod35"/>
                <xsd:element maxOccurs="unbounded" minOccurs="0" name="flussoRendicontazione" type="com:estremiFlussoRendicontazione"/>
              </xsd:sequence>
            </xsd:extension>
          </xsd:complexContent>
        </xsd:complexType>
      </xsd:element>
      <xsd:element name="gpChiediFlussoRendicontazione">
        <xsd:complexType>
          <xsd:sequence>
            <xsd:element name="codApplicazione" type="com:cod35"/>
            <xsd:element name="annoRiferimento" type="xsd:gYear"/>
            <xsd:element name="codFlusso" type="com:cod35"/>
          </xsd:sequence>
        </xsd:complexType>
      </xsd:element>
      <xsd:element name="gpChiediFlussoRendicontazioneResponse">
        <xsd:complexType>
          <xsd:complexContent>
            <xsd:extension base="com:gpResponse">
              <xsd:sequence minOccurs="0">
                <xsd:element name="codApplicazione" type="com:cod35"/>
                <xsd:element name="flussoRendicontazione" type="com:flussoRendicontazione"/>
              </xsd:sequence>
            </xsd:extension>
          </xsd:complexContent>
        </xsd:complexType>
      </xsd:element>
      <xsd:element name="gpChiediVersamento">
        <xsd:complexType>
          <xsd:sequence>
            <xsd:element minOccurs="0" name="codDominio" type="com:cod35"/>
            <xsd:element minOccurs="0" name="iuv" type="com:cod35"/>
            <xsd:element minOccurs="0" name="codApplicazione" type="com:cod35"/>
            <xsd:element minOccurs="0" name="codVersamentoEnte" type="com:cod35"/>
          </xsd:sequence>
        </xsd:complexType>
      </xsd:element>
      <xsd:element name="gpChiediVersamentoResponse">
        <xsd:complexType>
          <xsd:complexContent>
            <xsd:extension base="com:gpResponse">
              <xsd:sequence maxOccurs="1" minOccurs="0">
                <xsd:element name="versamento" type="com:versamento"/>
              </xsd:sequence>
            </xsd:extension>
          </xsd:complexContent>
        </xsd:complexType>
      </xsd:element>
    </xsd:schema>
  </wsdl:types>
  <wsdl:message name="gpNotificaPagamentoResponse">
    <wsdl:part element="app:gpNotificaPagamentoResponse" name="bodyrisposta"></wsdl:part>
  </wsdl:message>
  <wsdl:message name="gpCaricaIuv">
    <wsdl:part element="app:gpCaricaIuv" name="bodyrichiesta"></wsdl:part>
  </wsdl:message>
  <wsdl:message name="gpChiediListaFlussiRendicontazione">
    <wsdl:part element="app:gpChiediListaFlussiRendicontazione" name="bodyrichiesta"></wsdl:part>
  </wsdl:message>
  <wsdl:message name="gpChiediVersamentoResponse">
    <wsdl:part element="app:gpChiediVersamentoResponse" name="bodyrisposta"></wsdl:part>
  </wsdl:message>
  <wsdl:message name="gpCaricaVersamento">
    <wsdl:part element="app:gpCaricaVersamento" name="bodyrichiesta"></wsdl:part>
  </wsdl:message>
  <wsdl:message name="gpChiediListaFlussiRendicontazioneResponse">
    <wsdl:part element="app:gpChiediListaFlussiRendicontazioneResponse" name="bodyrisposta"></wsdl:part>
  </wsdl:message>
  <wsdl:message name="gpChiediStatoVersamentoResponse">
    <wsdl:part element="app:gpChiediStatoVersamentoResponse" name="bodyrisposta"></wsdl:part>
  </wsdl:message>
  <wsdl:message name="gpChiediFlussoRendicontazione">
    <wsdl:part element="app:gpChiediFlussoRendicontazione" name="bodyrichiesta"></wsdl:part>
  </wsdl:message>
  <wsdl:message name="gpChiediFlussoRendicontazioneResponse">
    <wsdl:part element="app:gpChiediFlussoRendicontazioneResponse" name="bodyrisposta"></wsdl:part>
  </wsdl:message>
  <wsdl:message name="gpCaricaIuvResponse">
    <wsdl:part element="app:gpCaricaIuvResponse" name="bodyrichiesta"></wsdl:part>
  </wsdl:message>
  <wsdl:message name="gpChiediStatoVersamento">
    <wsdl:part element="app:gpChiediStatoVersamento" name="bodyrichiesta"></wsdl:part>
  </wsdl:message>
  <wsdl:message name="gpChiediVersamento">
    <wsdl:part element="app:gpChiediVersamento" name="bodyrichiesta"></wsdl:part>
  </wsdl:message>
  <wsdl:message name="gpGeneraIuv">
    <wsdl:part element="app:gpGeneraIuv" name="bodyrichiesta"></wsdl:part>
  </wsdl:message>
  <wsdl:message name="gpAnnullaVersamento">
    <wsdl:part element="app:gpAnnullaVersamento" name="bodyrichiesta"></wsdl:part>
  </wsdl:message>
  <wsdl:message name="gpCaricaVersamentoResponse">
    <wsdl:part element="app:gpCaricaVersamentoResponse" name="bodyrisposta"></wsdl:part>
  </wsdl:message>
  <wsdl:message name="gpAnnullaVersamentoResponse">
    <wsdl:part element="app:gpAnnullaVersamentoResponse" name="bodyrisposta"></wsdl:part>
  </wsdl:message>
  <wsdl:message name="gpNotificaPagamento">
    <wsdl:part element="app:gpNotificaPagamento" name="bodyrichiesta"></wsdl:part>
  </wsdl:message>
  <wsdl:message name="gpGeneraIuvResponse">
    <wsdl:part element="app:gpGeneraIuvResponse" name="bodyrichiesta"></wsdl:part>
  </wsdl:message>
  <wsdl:portType name="PagamentiTelematiciGPApp">
    <wsdl:operation name="gpGeneraIuv">
      <wsdl:input message="tns:gpGeneraIuv"></wsdl:input>
      <wsdl:output message="tns:gpGeneraIuvResponse"></wsdl:output>
    </wsdl:operation>
    <wsdl:operation name="gpCaricaIuv">
      <wsdl:input message="tns:gpCaricaIuv"></wsdl:input>
      <wsdl:output message="tns:gpCaricaIuvResponse"></wsdl:output>
    </wsdl:operation>
    <wsdl:operation name="gpCaricaVersamento">
      <wsdl:input message="tns:gpCaricaVersamento"></wsdl:input>
      <wsdl:output message="tns:gpCaricaVersamentoResponse"></wsdl:output>
    </wsdl:operation>
    <wsdl:operation name="gpAnnullaVersamento">
      <wsdl:input message="tns:gpAnnullaVersamento"></wsdl:input>
      <wsdl:output message="tns:gpAnnullaVersamentoResponse"></wsdl:output>
    </wsdl:operation>
    <wsdl:operation name="gpNotificaPagamento">
      <wsdl:input message="tns:gpNotificaPagamento"></wsdl:input>
      <wsdl:output message="tns:gpNotificaPagamentoResponse"></wsdl:output>
    </wsdl:operation>
    <wsdl:operation name="gpChiediStatoVersamento">
      <wsdl:input message="tns:gpChiediStatoVersamento"></wsdl:input>
      <wsdl:output message="tns:gpChiediStatoVersamentoResponse"></wsdl:output>
    </wsdl:operation>
    <wsdl:operation name="gpChiediListaFlussiRendicontazione">
      <wsdl:input message="tns:gpChiediListaFlussiRendicontazione"></wsdl:input>
      <wsdl:output message="tns:gpChiediListaFlussiRendicontazioneResponse"></wsdl:output>
    </wsdl:operation>
    <wsdl:operation name="gpChiediFlussoRendicontazione">
      <wsdl:input message="tns:gpChiediFlussoRendicontazione"></wsdl:input>
      <wsdl:output message="tns:gpChiediFlussoRendicontazioneResponse"></wsdl:output>
    </wsdl:operation>
    <wsdl:operation name="gpChiediVersamento">
      <wsdl:input message="tns:gpChiediVersamento"></wsdl:input>
      <wsdl:output message="tns:gpChiediVersamentoResponse"></wsdl:output>
    </wsdl:operation>
    <jaxws:bindings>
      <jaxws:enableWrapperStyle>false</jaxws:enableWrapperStyle>
    </jaxws:bindings>
  </wsdl:portType>
  <wsdl:binding name="PagamentiTelematiciGPAppSOAP" type="tns:PagamentiTelematiciGPApp">
    <soap:binding style="document" transport="http://schemas.xmlsoap.org/soap/http"/>
    <wsdl:operation name="gpGeneraIuv">
      <soap:operation soapAction="gpGeneraIuv"/>
      <wsdl:input>
        <soap:body use="literal"/>
      </wsdl:input>
      <wsdl:output>
        <soap:body use="literal"/>
      </wsdl:output>
    </wsdl:operation>
    <wsdl:operation name="gpCaricaIuv">
      <soap:operation soapAction="gpCaricaIuv"/>
      <wsdl:input>
        <soap:body use="literal"/>
      </wsdl:input>
      <wsdl:output>
        <soap:body use="literal"/>
      </wsdl:output>
    </wsdl:operation>
    <wsdl:operation name="gpCaricaVersamento">
      <soap:operation soapAction="gpCaricaVersamento"/>
      <wsdl:input>
        <soap:body use="literal"/>
      </wsdl:input>
      <wsdl:output>
        <soap:body use="literal"/>
      </wsdl:output>
    </wsdl:operation>
    <wsdl:operation name="gpAnnullaVersamento">
      <soap:operation soapAction="gpAnnullaVersamento"/>
      <wsdl:input>
        <soap:body use="literal"/>
      </wsdl:input>
      <wsdl:output>
        <soap:body use="literal"/>
      </wsdl:output>
    </wsdl:operation>
    <wsdl:operation name="gpNotificaPagamento">
      <soap:operation soapAction="gpNotificaPagamento"/>
      <wsdl:input>
        <soap:body use="literal"/>
      </wsdl:input>
      <wsdl:output>
        <soap:body use="literal"/>
      </wsdl:output>
    </wsdl:operation>
    <wsdl:operation name="gpChiediStatoVersamento">
      <soap:operation soapAction="gpChiediStatoVersamento"/>
      <wsdl:input>
        <soap:body use="literal"/>
      </wsdl:input>
      <wsdl:output>
        <soap:body use="literal"/>
      </wsdl:output>
    </wsdl:operation>
    <wsdl:operation name="gpChiediListaFlussiRendicontazione">
      <soap:operation soapAction="gpChiediListaFlussiRendicontazione"/>
      <wsdl:input>
        <soap:body use="literal"/>
      </wsdl:input>
      <wsdl:output>
        <soap:body use="literal"/>
      </wsdl:output>
    </wsdl:operation>
    <wsdl:operation name="gpChiediFlussoRendicontazione">
      <soap:operation soapAction="gpChiediFlussoRendicontazione"/>
      <wsdl:input>
        <soap:body use="literal"/>
      </wsdl:input>
      <wsdl:output>
        <soap:body use="literal"/>
      </wsdl:output>
    </wsdl:operation>
    <wsdl:operation name="gpChiediVersamento">
      <soap:operation soapAction="gpChiediVersamento"/>
      <wsdl:input>
        <soap:body use="literal"/>
      </wsdl:input>
      <wsdl:output>
        <soap:body use="literal"/>
      </wsdl:output>
    </wsdl:operation>
  </wsdl:binding>
  <wsdl:service name="PagamentiTelematiciGPAppService">
    <wsdl:port binding="tns:PagamentiTelematiciGPAppSOAP" name="GPAppPort">
      <soap:address location="https://sns.pp.pagoatenei.cineca.it/portalepagamenti.server.gateway/api/private/soap/GPAppPort"/>
    </wsdl:port>
  </wsdl:service>
</wsdl:definitions>]]></con:content><con:type>http://schemas.xmlsoap.org/wsdl/</con:type></con:part></con:definitionCache><con:endpoints><con:endpoint>https://sns.pp.pagoatenei.cineca.it/portalepagamenti.server.gateway/api/private/soap/GPAppPort</con:endpoint></con:endpoints><con:operation id="574023a7-99bf-4b93-ad1a-58872f2d3d93" isOneWay="false" action="gpAnnullaVersamento" name="gpAnnullaVersamento" bindingOperationName="gpAnnullaVersamento" type="Request-Response" inputName="" receivesAttachments="false" sendsAttachments="false" anonymous="optional"><con:settings/></con:operation><con:operation id="a9cceea6-28f2-40f5-8d11-6959a5477752" isOneWay="false" action="gpCaricaIuv" name="gpCaricaIuv" bindingOperationName="gpCaricaIuv" type="Request-Response" inputName="" receivesAttachments="false" sendsAttachments="false" anonymous="optional"><con:settings/></con:operation><con:operation id="9d74239d-d084-496a-8d2f-221532e3c24e" isOneWay="false" action="gpCaricaVersamento" name="gpCaricaVersamento" bindingOperationName="gpCaricaVersamento" type="Request-Response" inputName="" receivesAttachments="false" sendsAttachments="false" anonymous="optional"><con:settings/><con:call id="91ab918e-e093-4c19-8016-5b78e371e0c6" name="caricaVersamento"><con:settings><con:setting id="com.eviware.soapui.impl.wsdl.WsdlRequest@request-headers">&lt;xml-fragment/></con:setting></con:settings><con:encoding>UTF-8</con:encoding><con:endpoint>https://sns.pp.pagoatenei.cineca.it/portalepagamenti.server.gateway/api/private/soap/GPAppPort</con:endpoint><con:request><![CDATA[<soapenv:Envelope xmlns:soapenv="http://schemas.xmlsoap.org/soap/envelope/" xmlns:gpap="http://www.govpay.it/servizi/gpApp/">
   <soapenv:Header/>
   <soapenv:Body>
      <gpap:gpCaricaVersamento>
         <generaIuv>true</generaIuv>
         <aggiornaSeEsiste>true</aggiornaSeEsiste>
         <versamento>
            <codApplicazione>COD-ECOMM</codApplicazione>
            <codVersamentoEnte>73</codVersamentoEnte>
            <codDominio>610059770587</codDominio>
             <debitore>
               <codUnivoco>123</codUnivoco>
               <ragioneSociale>Mariotti Spa</ragioneSociale>
               <indirizzo>Via Garibaldi</indirizzo>
               <localita>Pisa</localita>
               <provincia>PI</provincia>
               <nazione>IT</nazione>
               <email>antonio.mariotti@xxx.xx</email>
            </debitore>
            <importoTotale>11</importoTotale>
            <dataScadenza>2021-11-26T23:59:59</dataScadenza>
            <causale>Acquisto libro da e-commerce</causale>
            <singoloVersamento>
               <codSingoloVersamentoEnte>73</codSingoloVersamentoEnte>
               <importo>11</importo>
               <tributo>
                  <ibanAccredito>IT11A1111111111000000111111</ibanAccredito>
                  <tipoContabilita>ALTRO</tipoContabilita>
                  <codContabilita>0601120SP</codContabilita>
               </tributo>
            </singoloVersamento>
            <idModelloPagamento>184x</idModelloPagamento>
         </versamento>
      </gpap:gpCaricaVersamento>
   </soapenv:Body>
</soapenv:Envelope>]]></con:request><con:credentials><con:username>SNS-ECOMM</con:username><con:password>efh4SspYRr</con:password><con:authType>No Authorization</con:authType></con:credentials><con:jmsConfig JMSDeliveryMode="PERSISTENT"/><con:jmsPropertyConfig/><con:wsaConfig mustUnderstand="NONE" version="200508" action="gpCaricaVersamento"/><con:wsrmConfig version="1.2"/></con:call></con:operation><con:operation id="29a726c2-1226-42b6-9c16-84257edf422a" isOneWay="false" action="gpChiediFlussoRendicontazione" name="gpChiediFlussoRendicontazione" bindingOperationName="gpChiediFlussoRendicontazione" type="Request-Response" inputName="" receivesAttachments="false" sendsAttachments="false" anonymous="optional"><con:settings/></con:operation><con:operation id="708b1305-8ea8-473e-92a5-645a8f49b7f3" isOneWay="false" action="gpChiediListaFlussiRendicontazione" name="gpChiediListaFlussiRendicontazione" bindingOperationName="gpChiediListaFlussiRendicontazione" type="Request-Response" inputName="" receivesAttachments="false" sendsAttachments="false" anonymous="optional"><con:settings/></con:operation><con:operation id="4135261a-d45d-4b1d-92c1-5569fc63193e" isOneWay="false" action="gpChiediStatoVersamento" name="gpChiediStatoVersamento" bindingOperationName="gpChiediStatoVersamento" type="Request-Response" inputName="" receivesAttachments="false" sendsAttachments="false" anonymous="optional"><con:settings/><con:call id="62a83ced-98b5-4a80-abec-cf12c2e8f4c3" name="chiedistatoVersamento"><con:settings><con:setting id="com.eviware.soapui.impl.wsdl.WsdlRequest@request-headers">&lt;xml-fragment/></con:setting></con:settings><con:encoding>UTF-8</con:encoding><con:endpoint>https://sns.pp.pagoatenei.cineca.it/portalepagamenti.server.gateway/api/private/soap/GPAppPort</con:endpoint><con:request><![CDATA[<soapenv:Envelope xmlns:soapenv="http://schemas.xmlsoap.org/soap/envelope/" xmlns:gpap="http://www.govpay.it/servizi/gpApp/">
   <soapenv:Header/>
   <soapenv:Body>
      <gpap:gpChiediStatoVersamento>
         <codApplicazione>COD-ECOMM</codApplicazione>
         <codVersamentoEnte>73</codVersamentoEnte>
      </gpap:gpChiediStatoVersamento>
   </soapenv:Body>
</soapenv:Envelope>]]></con:request><con:credentials><con:username>SNS-ECOMM</con:username><con:password>efh4SspYRr</con:password><con:authType>No Authorization</con:authType></con:credentials><con:jmsConfig JMSDeliveryMode="PERSISTENT"/><con:jmsPropertyConfig/><con:wsaConfig mustUnderstand="NONE" version="200508" action="gpChiediStatoVersamento"/><con:wsrmConfig version="1.2"/></con:call></con:operation><con:operation id="722a6b7c-675f-49de-bb7d-f10355a43bee" isOneWay="false" action="gpChiediVersamento" name="gpChiediVersamento" bindingOperationName="gpChiediVersamento" type="Request-Response" inputName="" receivesAttachments="false" sendsAttachments="false" anonymous="optional"><con:settings/></con:operation><con:operation id="ba1d4a53-18e5-48c6-9623-95a81888d754" isOneWay="false" action="gpGeneraIuv" name="gpGeneraIuv" bindingOperationName="gpGeneraIuv" type="Request-Response" inputName="" receivesAttachments="false" sendsAttachments="false" anonymous="optional"><con:settings/></con:operation><con:operation id="8d98eb39-c30a-4c12-9084-b6de4c57b8d9" isOneWay="false" action="gpNotificaPagamento" name="gpNotificaPagamento" bindingOperationName="gpNotificaPagamento" type="Request-Response" inputName="" receivesAttachments="false" sendsAttachments="false" anonymous="optional"><con:settings/></con:operation></con:interface><con:properties/><con:wssContainer/><con:oAuth2ProfileContainer/><con:oAuth1ProfileContainer/></con:soapui-project>